{
  "spec": "type1:BUG",
  "durations": [
    {
      "type": "add",
      "amount": 1.5,
      "unit": "HOURS"
    }
  ],
  "requirements": [
    {
      "type": "itemstack",
      "error_message": "2x タンポポ",
      "items": [
        {
          "item": "minecraft:dandelion",
          "amount": 2
        }
      ]
    },
    {
      "type": "itemstack",
      "error_message": "3x クモの巣",
      "items": [
        {
          "item": "minecraft:cobweb",
          "amount": 3
        }
      ]
    },
    {
      "type": "itemstack",
      "error_message": "3x クモの目",
      "items": [
        {
          "item": "minecraft:spider_eye",
          "amount": 3
        }
      ]
    }
  ]
}
