{
  "spec": "type1:DRAGON",
  "durations": [
    {
      "type": "add",
      "amount": 1.5,
      "unit": "HOURS"
    }
  ],
  "requirements": [
    {
      "type": "itemstack",
      "error_message": "1x ダイヤモンドブロック",
      "items": [
        {
          "item": "minecraft:diamond_block",
          "amount": 1
        }
      ]
    },
    {
      "type": "itemstack",
      "error_message": "2x 金ブロック",
      "items": [
        {
          "item": "minecraft:gold_block",
          "amount": 2
        }
      ]
    },
    {
      "type": "itemstack",
      "error_message": "3x エンドストーン",
      "items": [
        {
          "item": "minecraft:end_stone",
          "amount": 3
        }
      ]
    }
  ]
}
