{
  "spec": "type1:ELECTRIC",
  "durations": [
    {
      "type": "add",
      "amount": 1.5,
      "unit": "HOURS"
    }
  ],
  "requirements": [
    {
      "type": "itemstack",
      "error_message": "2x レッドストーンブロック",
      "items": [
        {
          "item": "minecraft:redstone_block",
          "amount": 2
        }
      ]
    },
    {
      "type": "itemstack",
      "error_message": "3x グロウストーン",
      "items": [
        {
          "item": "minecraft:glowstone",
          "amount": 3
        }
      ]
    },
    {
      "type": "itemstack",
      "error_message": "2x レッドストーンランプ",
      "items": [
        {
          "item": "minecraft:redstone_lamp",
          "amount": 2
        }
      ]
    }
  ]
}
