{
  "spec": "type1:FAIRY",
  "durations": [
    {
      "type": "add",
      "amount": 1.5,
      "unit": "HOURS"
    }
  ],
  "requirements": [
    {
      "type": "itemstack",
      "error_message": "1x ケーキ",
      "items": [
        {
          "item": "minecraft:cake",
          "amount": 1
        }
      ]
    },
    {
      "type": "itemstack",
      "error_message": "3x スズラン",
      "items": [
        {
          "item": "minecraft:lily_of_the_valley",
          "amount": 3
        }
      ]
    },
    {
      "type": "itemstack",
      "error_message": "3x コーラスフルーツ",
      "items": [
        {
          "item": "minecraft:chorus_fruit",
          "amount": 3
        }
      ]
    }
  ]
}
