{
  "spec": "type1:FIGHTING",
  "durations": [
    {
      "type": "add",
      "amount": 1.5,
      "unit": "HOURS"
    }
  ],
  "requirements": [
    {
      "type": "itemstack",
      "error_message": "3x オークの板材",
      "items": [
        {
          "item": "minecraft:oak_planks",
          "amount": 2
        }
      ]
    },
    {
      "type": "itemstack",
      "error_message": "2x レンガ",
      "items": [
        {
          "item": "minecraft:bricks",
          "amount": 2
        }
      ]
    },
    {
      "type": "itemstack",
      "error_message": "2x 寺院レンガ",
      "items": [
        {
          "item": "pixelmon:temple_brick",
          "amount": 2
        }
      ]
    }
  ]
}
