{
  "spec": "type1:FLYING",
  "durations": [
    {
      "type": "add",
      "amount": 1.5,
      "unit": "HOURS"
    }
  ],
  "requirements": [
    {
      "type": "itemstack",
      "error_message": "10x 羽根",
      "items": [
        {
          "item": "minecraft:feather",
          "amount": 10
        }
      ]
    },
    {
      "type": "itemstack",
      "error_message": "3x ガラス",
      "items": [
        {
          "item": "minecraft:glass",
          "amount": 3
        }
      ]
    },
    {
      "type": "itemstack",
      "error_message": "3x 的",
      "items": [
        {
          "item": "minecraft:target",
          "amount": 3
        }
      ]
    }
  ]
}
