{
  "spec": "type1:GHOST",
  "durations": [
    {
      "type": "add",
      "amount": 1.5,
      "unit": "HOURS"
    }
  ],
  "requirements": [
    {
      "type": "itemstack",
      "error_message": "10x ガストの涙",
      "items": [
        {
          "item": "minecraft:ghast_tear",
          "amount": 10
        }
      ]
    },
    {
      "type": "itemstack",
      "error_message": "3x 魂の松明",
      "items": [
        {
          "item": "minecraft:soul_torch",
          "amount": 3
        }
      ]
    },
    {
      "type": "itemstack",
      "error_message": "3x ソウルサンド",
      "items": [
        {
          "item": "minecraft:soul_sand",
          "amount": 3
        }
      ]
    }
  ]
}
