{
  "spec": "type1:GRASS",
  "durations": [
    {
      "type": "add",
      "amount": 1.5,
      "unit": "HOURS"
    }
  ],
  "requirements": [
    {
      "type": "itemstack",
      "error_message": "5x 草",
      "items": [
        {
          "item": "minecraft:grass",
          "amount": 5
        }
      ]
    },
    {
      "type": "itemstack",
      "error_message": "3x オークの葉",
      "items": [
        {
          "item": "minecraft:oak_leaves",
          "amount": 3
        }
      ]
    },
    {
      "type": "itemstack",
      "error_message": "3x 草ブロック",
      "items": [
        {
          "item": "minecraft:grass_block",
          "amount": 3
        }
      ]
    }
  ]
}
