{
  "spec": "type1:GROUND",
  "durations": [
    {
      "type": "add",
      "amount": 1.5,
      "unit": "HOURS"
    }
  ],
  "requirements": [
    {
      "type": "itemstack",
      "error_message": "3x 粘土",
      "items": [
        {
          "item": "minecraft:clay",
          "amount": 3
        }
      ]
    },
    {
      "type": "itemstack",
      "error_message": "3x 茶色のテラコッタ",
      "items": [
        {
          "item": "minecraft:brown_terracotta",
          "amount": 3
        }
      ]
    },
    {
      "type": "itemstack",
      "error_message": "3x ソウルソイル",
      "items": [
        {
          "item": "minecraft:soul_soil",
          "amount": 3
        }
      ]
    }
  ]
}
