{
  "spec": "type1:NORMAL",
  "durations": [
    {
      "type": "add",
      "amount": 1.5,
      "unit": "HOURS"
    }
  ],
  "requirements": [
    {
      "type": "itemstack",
      "error_message": "10x 革",
      "items": [
        {
          "item": "minecraft:leather",
          "amount": 10
        }
      ]
    },
    {
      "type": "itemstack",
      "error_message": "3x 干草の俵",
      "items": [
        {
          "item": "minecraft:hay_block",
          "amount": 3
        }
      ]
    },
    {
      "type": "itemstack",
      "error_message": "3x 白色の羊毛",
      "items": [
        {
          "item": "minecraft:white_wool",
          "amount": 3
        }
      ]
    }
  ]
}
