{
  "spec": "type1:PSYCHIC",
  "durations": [
    {
      "type": "add",
      "amount": 1.5,
      "unit": "HOURS"
    }
  ],
  "requirements": [
    {
      "type": "itemstack",
      "error_message": "5x エンダーアイ",
      "items": [
        {
          "item": "minecraft:ender_eye",
          "amount": 5
        }
      ]
    },
    {
      "type": "itemstack",
      "error_message": "3x 本棚",
      "items": [
        {
          "item": "minecraft:bookshelf",
          "amount": 3
        }
      ]
    },
    {
      "type": "itemstack",
      "error_message": "2x 時計",
      "items": [
        {
          "item": "minecraft:clock",
          "amount": 2
        }
      ]
    }
  ]
}
